INSERT INTO Defines (Name, Value) SELECT 'FW_MODERN_COLONIST_POPULATION_CHANGE', '5';
INSERT INTO Defines (Name, Value) SELECT 'FW_MODERN_COLONIST_EXTRA_PLOTS', '5';
INSERT INTO Defines (Name, Value) SELECT 'FW_MODERN_COLONIST_FOOD_PERCENT', '50';
INSERT INTO Defines (Name, Value) SELECT 'FW_SPACE_COLONIST_POPULATION_CHANGE', '5';
INSERT INTO Defines (Name, Value) SELECT 'FW_SPACE_COLONIST_EXTRA_PLOTS', '5';
INSERT INTO Defines (Name, Value) SELECT 'FW_SPACE_COLONIST_FOOD_PERCENT', '50';


---------------------------------------------------------
-- Special unit -- Add special cargo for Air Land Carrier only -- CAYM EDITED
---------------------------------------------------------
INSERT INTO SpecialUnits (	Type, 						Description,						Valid,	CityLoad)								
SELECT						'SPECIALUNIT_SPACESHIP',	'TXT_KEY_SPECIALUNIT_SPACESHIP',	1,		1	;

INSERT INTO SpecialUnit_CarrierUnitAI (	SpecialUnitType, 			UnitAIType)
SELECT									'SPECIALUNIT_SPACESHIP',	'UNITAI_CARRIER_SEA'	;

-------------------------------------
-- ArtDefines 
--------------------------------------
INSERT INTO ArtDefine_UnitInfos
	(Type, DamageStates, Formation)
VALUES
	('ART_DEF_UNIT_FW_MODERN_COLONIST',		1,	'Vehicle'),
	('ART_DEF_UNIT_FW_AUGMENTED_DIPLOMAT',	1,	'UnFormed'),
	('ART_DEF_UNIT_FW_SIEGE03P',			1,	'ThreeBigGuns'),
	('ART_DEF_UNIT_FW_GUNBOAT',				1,	NULL);  --ART_DEF_UNIT_NAVALFIGHTER01

INSERT INTO ArtDefine_UnitInfoMemberInfos
	(UnitInfoType, UnitMemberInfoType, NumMembers)
VALUES 
	('ART_DEF_UNIT_FW_AUGMENTED_DIPLOMAT',	'ART_DEF_UNIT_MEMBER_SAS_SCRIBE', 			1),
	('ART_DEF_UNIT_FW_MODERN_COLONIST',		'ART_DEF_UNIT_MEMBER_FW_MODERN_COLONIST2', 	1),     
	('ART_DEF_UNIT_FW_MODERN_COLONIST',		'ART_DEF_UNIT_MEMBER_FW_MODERN_COLONIST3', 	1),     
	('ART_DEF_UNIT_FW_MODERN_COLONIST',		'ART_DEF_UNIT_MEMBER_FW_MODERN_COLONIST4', 	1),     
	('ART_DEF_UNIT_FW_SIEGE03P',			'ART_DEF_UNIT_MEMBER_FW_SIEGE03P', 			3),
	('ART_DEF_UNIT_FW_GUNBOAT',				'ART_DEF_UNIT_MEMBER_FW_GUNBOAT', 			1);

INSERT INTO ArtDefine_UnitMemberInfos
	(Type, Scale, Model, MaterialTypeTag, MaterialTypeSoundOverrideTag, Domain)
VALUES 
	('ART_DEF_UNIT_MEMBER_FW_MODERN_COLONIST2', 0.08, 'GreatArtist_Late.fxsxml', 'CLOTH', 'FLESH', NULL),  -- CAYM EDITED
	('ART_DEF_UNIT_MEMBER_FW_MODERN_COLONIST3', 0.05, 'Caravan_Late.fxsxml', 'CLOTH', 'FLESH', NULL),      -- CAYM EDITED
	('ART_DEF_UNIT_MEMBER_FW_MODERN_COLONIST4', 0.05, 'Caravan_Late.fxsxml', 'CLOTH', 'FLESH', NULL),      -- CAYM EDITED
	('ART_DEF_UNIT_MEMBER_FW_SIEGE03P', 0.1, 'siege03p.fxsxml', 'METAL', 'METALSM', NULL),
	('ART_DEF_UNIT_MEMBER_FW_GUNBOAT', 0.08, 'naval_fighter01.fxsxml', 'METAL', 'METALLRG', 'Sea');

INSERT INTO ArtDefine_UnitMemberCombats
	(UnitMemberType, EnableActions, HasShortRangedAttack, HasLongRangedAttack, HasStationaryMelee, HasRefaceAfterCombat, ReformBeforeCombat, HasIndependentWeaponFacing)
VALUES 
	('ART_DEF_UNIT_MEMBER_FW_SIEGE03P', 'Idle Attack RunCharge AttackCity Bombard Death BombardDefend Run Fortify CombatReady', 1, 1, 1, 1, 1, 0),
	('ART_DEF_UNIT_MEMBER_FW_GUNBOAT', 	'Idle Attack RunCharge AttackCity Bombard Death BombardDefend Run Fortify CombatReady AttackSurfaceToAir', 1, 1, 1, 0, 0, 1);

INSERT INTO ArtDefine_UnitMemberCombatWeapons
	(UnitMemberType, "Index", SubIndex, VisKillStrengthMin, VisKillStrengthMax, HitEffect, WeaponTypeTag, WeaponTypeSoundOverrideTag)
VALUES 
	('ART_DEF_UNIT_MEMBER_FW_SIEGE03P', 0, 0, 25.0, 50.0, 'ART_DEF_VEFFECT_TANK_IMPACT_$(TERRAIN)', 'EXPLOSIVE', 'EXPLOSION20POUND'),
	('ART_DEF_UNIT_MEMBER_FW_GUNBOAT', 	0, 0, 25.0, 50.0, 'ART_DEF_VEFFECT_TANK_IMPACT_$(TERRAIN)', 'EXPLOSIVE', 'EXPLOSION20POUND');

INSERT INTO ArtDefine_UnitMemberCombatWeapons
	(UnitMemberType, "Index", SubIndex, ProjectileSpeed, WeaponTypeTag, WeaponTypeSoundOverrideTag)
VALUES
	('ART_DEF_UNIT_MEMBER_FW_SIEGE03P', 1, 0, 4.0, 'BULLETHC', 'BULLETHC'),
	('ART_DEF_UNIT_MEMBER_FW_GUNBOAT', 	1, 0, 4.0, 'BULLETHC', 'BULLETHC');

INSERT INTO UnitGameplay2DScripts 	
			(UnitType, 				SelectionSound, 		FirstSelectionSound)
VALUES		
    ('UNIT_FW_MODERN_DRONE',	   	'AS2D_SELECT_FIGHTER', 	'AS2D_BIRTH_FIGHTER'),
	('UNIT_FW_AUGMENTED_DIPLOMAT', 	'AS2D_BUILD_UNIT', 		'AS2D_BUILD_UNIT'),
	('UNIT_FW_MENTAT_DIPLOMAT', 	'AS2D_BUILD_UNIT', 		'AS2D_BUILD_UNIT'),
    ('UNIT_FW_MODERN_COLONIST', 	'AS2D_SELECT_SETTLER', 	'AS2D_BIRTH_SETTLER'),
	('UNIT_FW_SPACE_COLONIST', 		'AS2D_SELECT_SETTLER', 	'AS2D_BIRTH_SETTLER');

-- INSERT INTO ArtDefine_StrategicView
-- 	(StrategicViewType, TileType, Asset)
-- VALUES
-- 	('ART_DEF_UNIT_FW_AUGMENTED_DIPLOMAT', 'Unit','CSDSVicon.dds');


 /*
 => sql bug fixed xml moved
-- ==========================================================================================================================	
-- UNITCLASSES
-- ==========================================================================================================================	
INSERT INTO UnitClasses
	(Type, 							     Description, 					        DefaultUnit, 				MaxPlayerInstances)
VALUES	
	('UNITCLASS_FW_AUGMENTED_DIPLOMAT',  'TXT_KEY_UNIT_FW_AUGMENTED_DIPLOMAT', 	'UNIT_FW_AUGMENTED_DIPLOMAT', 	NULL),
	('UNITCLASS_FW_MODERN_COLONIST', 	 'TXT_KEY_UNIT_FW_MODERN_COLONIST', 	'UNIT_FW_MODERN_COLONIST', 		NULL),
	('UNITCLASS_FW_SPACE_COLONIST', 	 'TXT_KEY_UNIT_FW_SPACE_COLONIST', 		'UNIT_FW_SPACE_COLONIST', 		NULL);
 --------------------------------------------------------------------------------------------------------------------------------

---------------------------------	
---- Units (Non COMBAT)
----------------------------------	

INSERT INTO Units
	(Class,                              Type,               Moves, Cost, Capture,            CivilianAttackPriority,                HurryCostModifier, Domain,   DefaultUnitAI,          Description,                       Civilopedia,                        Strategy,                                         Help,                             PrereqTech,                      ObsoleteTech,               Food, Found, FoundMid, FoundLate, CombatLimit, UnitArtInfo,                    UnitArtInfoCulturalVariation, PortraitIndex, IconAtlas)
VALUES
	('UNITCLASS_FW_MODERN_COLONIST', 'UNIT_FW_MODERN_COLONIST', 5, 2000, 'UNITCLASS_WORKER', 'CIVILIAN_ATTACK_PRIORITY_HIGH_EARLY_GAME_ONLY', -1, 'DOMAIN_LAND', 'UNITAI_SETTLE', 'TXT_KEY_UNIT_FW_MODERN_COLONIST', 'TXT_KEY_UNIT_FW_MODERN_COLONIST_PEDIA', 'TXT_KEY_UNIT_FW_MODERN_COLONIST_STRATEGY', 'TXT_KEY_UNIT_FW_MODERN_COLONIST_HELP', 'TECH_COMPUTERS',               'TECH_ARTIFICIAL_ENVIRONMENTS',  1,    1,       0,        1,          0,       'ART_DEF_UNIT_FW_MODERN_COLONIST',  1,                           18, 'CIV_COLOR_ATLAS_FW'),  -- CAYM EDITED
	('UNITCLASS_FW_SPACE_COLONIST',  'UNIT_FW_SPACE_COLONIST',  3, 3600, 'UNITCLASS_WORKER', 'CIVILIAN_ATTACK_PRIORITY_HIGH_EARLY_GAME_ONLY', -1, 'DOMAIN_LAND', 'UNITAI_SETTLE', 'TXT_KEY_UNIT_FW_SPACE_COLONIST',  'TXT_KEY_UNIT_FW_SPACE_COLONIST_PEDIA',  'TXT_KEY_UNIT_FW_SPACE_COLONIST_STRATEGY',  'TXT_KEY_UNIT_FW_SPACE_COLONIST_HELP',  'TECH_ARTIFICIAL_ENVIRONMENTS',         NULL,                    1,    1,       0,        1,          0,       'ART_DEF_UNIT_FW_SPACE_COLONIST',   1,                           17, 'CIV_COLOR_ATLAS_FW');                       -- CAYM EDITED

INSERT INTO Units
	(Class, 							Type, 					  Moves, Cost, CivilianAttackPriority,	   	   CombatClass, 		   Domain, 	  	  DefaultUnitAI, 	  Description, 							Civilopedia, 								Strategy, 									   Help, 								      PrereqTech, CombatLimit, BaseGold, UnitArtInfo, PortraitIndex, IconAtlas, UnitFlagAtlas, UnitFlagIconOffset, PurchaseCooldown)
VALUES
	('UNITCLASS_FW_AUGMENTED_DIPLOMAT', 'UNIT_FW_AUGMENTED_DIPLOMAT', 5, 2000, 'CIVILIAN_ATTACK_PRIORITY_LOW', 'UNITCOMBAT_DIPLOMACY', 'DOMAIN_LAND', 'UNITAI_MESSENGER', 'TXT_KEY_UNIT_FW_AUGMENTED_DIPLOMAT', 'TXT_KEY_UNIT_FW_AUGMENTED_DIPLOMAT_PEDIA', 'TXT_KEY_UNIT_FW_AUGMENTED_DIPLOMAT_STRATEGY', 'TXT_KEY_UNIT_FW_AUGMENTED_DIPLOMAT_HELP', 'TECH_IMPLANTS', 0, 0, 'ART_DEF_UNIT_FW_AUGMENTED_DIPLOMAT', 47, 'BM_ALIENS_CIV_COLOR_ATLAS', 'DIPLOMAT_FLAG_ATLAS', 0, 5);   -- CAYM EDITED
	
INSERT INTO Unit_AITypes
	(UnitType, UnitAIType)
VALUES
	('UNIT_FW_AUGMENTED_DIPLOMAT', 'UNITAI_MESSENGER'),
	('UNIT_FW_MODERN_COLONIST', 'UNITAI_SETTLE'),
	('UNIT_FW_SPACE_COLONIST', 'UNITAI_SETTLE');

INSERT INTO Unit_Flavors
	(UnitType, FlavorType, Flavor)
VALUES
	('UNIT_FW_AUGMENTED_DIPLOMAT', 'FLAVOR_DIPLOMACY', 90),
	('UNIT_FW_MODERN_COLONIST',    'FLAVOR_EXPANSION', 35),  -- CAYM EDITED
	('UNIT_FW_SPACE_COLONIST',     'FLAVOR_EXPANSION', 45);   -- CAYM EDITED
*/

INSERT INTO Unit_FreePromotions
	(UnitType, PromotionType)
VALUES
	('UNIT_FW_AUGMENTED_DIPLOMAT', 	'PROMOTION_AUGMENTED'),
	('UNIT_FW_AUGMENTED_DIPLOMAT', 	'PROMOTION_FW_CHAMELEON'),
	('UNIT_FW_MENTAT_DIPLOMAT', 	'PROMOTION_FW_TRANSHUMAN'),
	('UNIT_FW_MENTAT_DIPLOMAT', 	'PROMOTION_EXTRA_SIGHT_I'),
	('UNIT_FW_MENTAT_DIPLOMAT', 	'PROMOTION_FW_COMPUTER'),
	('UNIT_FW_MODERN_COLONIST', 	'PROMOTION_EXTRA_SIGHT_I'),
	('UNIT_FW_MODERN_COLONIST', 	'PROMOTION_DEFENSIVE_EMBARKATION'),
	('UNIT_FW_MODERN_COLONIST', 	'PROMOTION_OCEAN_MOVEMENT'),
	('UNIT_FW_SPACE_COLONIST', 		'PROMOTION_EXTRA_SIGHT_I'),
	('UNIT_FW_SPACE_COLONIST', 		'PROMOTION_DEFENSIVE_EMBARKATION'),
	('UNIT_FW_SPACE_COLONIST', 		'PROMOTION_OCEAN_MOVEMENT'),
	('UNIT_FW_SPACE_COLONIST', 		'PROMOTION_EXTENDED_PARADROP');

INSERT INTO Unit_ClassUpgrades
	(UnitType, 							UnitClassType)
VALUES
	('UNIT_COLONIST', 		 			'UNITCLASS_FW_MODERN_COLONIST'),
	('UNIT_FW_MODERN_COLONIST', 		'UNITCLASS_FW_SPACE_COLONIST'),
	('UNIT_AMBASSADOR', 		 		'UNITCLASS_FW_AUGMENTED_DIPLOMAT'),
	('UNIT_FW_AUGMENTED_DIPLOMAT', 		'UNITCLASS_FW_MENTAT_DIPLOMAT');

INSERT INTO Trait_NoTrain
	(TraitType, UnitClassType)
VALUES
	('TRAIT_SUPER_CITY_STATE', 'UNITCLASS_FW_MODERN_COLONIST'),
	('TRAIT_SUPER_CITY_STATE', 'UNITCLASS_FW_SPACE_COLONIST');

INSERT INTO Civilization_UnitClassOverrides
		(CivilizationType, UnitClassType, UnitType)
VALUES	('CIVILIZATION_MINOR', 'UNITCLASS_FW_MODERN_COLONIST', 	NULL),
		('CIVILIZATION_MINOR', 'UNITCLASS_FW_SPACE_COLONIST', 	NULL);

INSERT INTO Unit_ResourceQuantityRequirements
	(UnitType, ResourceType, Cost)
VALUES
	('UNIT_FW_AUGMENTED_DIPLOMAT', 	'RESOURCE_IMPLANT', 1),
	('UNIT_FW_AUGMENTED_DIPLOMAT', 	'RESOURCE_PAPER', 	3),
	('UNIT_FW_MENTAT_DIPLOMAT', 	'RESOURCE_IMPLANT', 1),
	('UNIT_FW_MENTAT_DIPLOMAT', 	'RESOURCE_PAPER', 	4);

-- UPDATE Units SET ObsoleteTech = 'TECH_IMPLANTS' WHERE Class = 'UNITCLASS_AMBASSADOR'; -- CAYM EDITED
UPDATE Units SET ObsoleteTech = 'TECH_COMPUTERS' WHERE Class = 'UNITCLASS_COLONIST';
UPDATE Units SET ObsoleteTech = 'TECH_FW_ECOTHEORY' WHERE Class = 'UNITCLASS_SENSOR_COMBAT_SHIP';


INSERT INTO Unit_BuildOnFound
	(UnitType, BuildingClassType)
VALUES
	('UNIT_FW_MODERN_COLONIST', 'BUILDINGCLASS_AMPHITHEATER'),
	('UNIT_FW_MODERN_COLONIST', 'BUILDINGCLASS_BATH'),
	('UNIT_FW_MODERN_COLONIST', 'BUILDINGCLASS_WALLS'),
	('UNIT_FW_MODERN_COLONIST', 'BUILDINGCLASS_AQUEDUCT'),
	('UNIT_FW_MODERN_COLONIST', 'BUILDINGCLASS_COLOSSEUM'),
	('UNIT_FW_MODERN_COLONIST', 'BUILDINGCLASS_BARRACKS'),
	('UNIT_FW_MODERN_COLONIST', 'BUILDINGCLASS_COUNCIL'),
	('UNIT_FW_MODERN_COLONIST', 'BUILDINGCLASS_FORGE'),
	('UNIT_FW_MODERN_COLONIST', 'BUILDINGCLASS_GRANARY'),
	('UNIT_FW_MODERN_COLONIST', 'BUILDINGCLASS_HERBALIST'),
	('UNIT_FW_MODERN_COLONIST', 'BUILDINGCLASS_LIBRARY'),
	('UNIT_FW_MODERN_COLONIST', 'BUILDINGCLASS_LIGHTHOUSE'),
	('UNIT_FW_MODERN_COLONIST', 'BUILDINGCLASS_SMOKEHOUSE'),
	('UNIT_FW_MODERN_COLONIST', 'BUILDINGCLASS_HARBOR'),
	('UNIT_FW_MODERN_COLONIST', 'BUILDINGCLASS_MARKET'),
	('UNIT_FW_MODERN_COLONIST', 'BUILDINGCLASS_MONUMENT'),
	('UNIT_FW_MODERN_COLONIST', 'BUILDINGCLASS_SHRINE'),
	('UNIT_FW_MODERN_COLONIST', 'BUILDINGCLASS_TEMPLE'),
	('UNIT_FW_MODERN_COLONIST', 'BUILDINGCLASS_WATERMILL'),
	('UNIT_FW_MODERN_COLONIST', 'BUILDINGCLASS_WELL'),
	('UNIT_FW_MODERN_COLONIST', 'BUILDINGCLASS_WINDMILL'),
	('UNIT_FW_MODERN_COLONIST', 'BUILDINGCLASS_WORKSHOP'),
	('UNIT_FW_MODERN_COLONIST', 'BUILDINGCLASS_ARMORY'),
	('UNIT_FW_MODERN_COLONIST', 'BUILDINGCLASS_GARDEN'),
	('UNIT_FW_MODERN_COLONIST', 'BUILDINGCLASS_CHANCERY'),
	('UNIT_FW_MODERN_COLONIST', 'BUILDINGCLASS_CARAVANSARY'),
	('UNIT_FW_MODERN_COLONIST', 'BUILDINGCLASS_CONSTABLE'),
	('UNIT_FW_MODERN_COLONIST', 'BUILDINGCLASS_MINT'), -- TO TEST
	('UNIT_FW_MODERN_COLONIST', 'BUILDINGCLASS_CASTLE'),
	('UNIT_FW_MODERN_COLONIST', 'BUILDINGCLASS_BANK'),
	('UNIT_FW_MODERN_COLONIST', 'BUILDINGCLASS_THEATRE'),
	('UNIT_FW_MODERN_COLONIST', 'BUILDINGCLASS_UNIVERSITY'),
	('UNIT_FW_MODERN_COLONIST', 'BUILDINGCLASS_PUBLIC_SCHOOL'),
	('UNIT_FW_MODERN_COLONIST', 'BUILDINGCLASS_CIRCUS'),
	('UNIT_FW_MODERN_COLONIST', 'BUILDINGCLASS_STABLE'),
	('UNIT_FW_MODERN_COLONIST', 'BUILDINGCLASS_GALLERY'),
	('UNIT_FW_MODERN_COLONIST', 'BUILDINGCLASS_OPERA_HOUSE'),
	('UNIT_FW_MODERN_COLONIST', 'BUILDINGCLASS_BASTION_FORT'),
	('UNIT_FW_MODERN_COLONIST', 'BUILDINGCLASS_ARSENAL'),
	('UNIT_FW_MODERN_COLONIST', 'BUILDINGCLASS_GROCER'),
	('UNIT_FW_MODERN_COLONIST', 'BUILDINGCLASS_MILITARY_ACADEMY'),
	('UNIT_FW_MODERN_COLONIST', 'BUILDINGCLASS_HOTEL'),
	('UNIT_FW_MODERN_COLONIST', 'BUILDINGCLASS_WIRE_SERVICE'),
	('UNIT_FW_MODERN_COLONIST', 'BUILDINGCLASS_FW_NANOMAT_PLANT'),
	('UNIT_FW_MODERN_COLONIST', 'BUILDINGCLASS_MUSEUM'),
	('UNIT_FW_MODERN_COLONIST', 'BUILDINGCLASS_HOSPITAL'),
	('UNIT_FW_MODERN_COLONIST', 'BUILDINGCLASS_LABORATORY'),
	('UNIT_FW_MODERN_COLONIST', 'BUILDINGCLASS_BROADCAST_TOWER'),
	('UNIT_FW_MODERN_COLONIST', 'BUILDINGCLASS_STOCK_EXCHANGE'),
	('UNIT_FW_MODERN_COLONIST', 'BUILDINGCLASS_AIRPORT'),
	('UNIT_FW_MODERN_COLONIST', 'BUILDINGCLASS_POLICE_STATION'),
	('UNIT_FW_MODERN_COLONIST', 'BUILDINGCLASS_MEDICAL_LAB'),
	('UNIT_FW_MODERN_COLONIST', 'BUILDINGCLASS_INTERPRETIVE_CENTER'),

	('UNIT_FW_SPACE_COLONIST', 'BUILDINGCLASS_AMPHITHEATER'),
	('UNIT_FW_SPACE_COLONIST', 'BUILDINGCLASS_BATH'),
	('UNIT_FW_SPACE_COLONIST', 'BUILDINGCLASS_WALLS'),
	('UNIT_FW_SPACE_COLONIST', 'BUILDINGCLASS_AQUEDUCT'),
	('UNIT_FW_SPACE_COLONIST', 'BUILDINGCLASS_COLOSSEUM'),
	('UNIT_FW_SPACE_COLONIST', 'BUILDINGCLASS_BARRACKS'),
	('UNIT_FW_SPACE_COLONIST', 'BUILDINGCLASS_COUNCIL'),
	('UNIT_FW_SPACE_COLONIST', 'BUILDINGCLASS_FORGE'),
	('UNIT_FW_SPACE_COLONIST', 'BUILDINGCLASS_GRANARY'),
	('UNIT_FW_SPACE_COLONIST', 'BUILDINGCLASS_HERBALIST'),
	('UNIT_FW_SPACE_COLONIST', 'BUILDINGCLASS_LIBRARY'),
	('UNIT_FW_SPACE_COLONIST', 'BUILDINGCLASS_LIGHTHOUSE'),
	('UNIT_FW_SPACE_COLONIST', 'BUILDINGCLASS_SMOKEHOUSE'),
	('UNIT_FW_SPACE_COLONIST', 'BUILDINGCLASS_HARBOR'),
	('UNIT_FW_SPACE_COLONIST', 'BUILDINGCLASS_MARKET'),
	('UNIT_FW_SPACE_COLONIST', 'BUILDINGCLASS_MONUMENT'),
	('UNIT_FW_SPACE_COLONIST', 'BUILDINGCLASS_SHRINE'),
	('UNIT_FW_SPACE_COLONIST', 'BUILDINGCLASS_TEMPLE'),
	('UNIT_FW_SPACE_COLONIST', 'BUILDINGCLASS_WATERMILL'),
	('UNIT_FW_SPACE_COLONIST', 'BUILDINGCLASS_WELL'),
	('UNIT_FW_SPACE_COLONIST', 'BUILDINGCLASS_WINDMILL'),
	('UNIT_FW_SPACE_COLONIST', 'BUILDINGCLASS_WORKSHOP'),
	('UNIT_FW_SPACE_COLONIST', 'BUILDINGCLASS_ARMORY'),
	('UNIT_FW_SPACE_COLONIST', 'BUILDINGCLASS_GARDEN'),
	('UNIT_FW_SPACE_COLONIST', 'BUILDINGCLASS_CHANCERY'),
	('UNIT_FW_SPACE_COLONIST', 'BUILDINGCLASS_CARAVANSARY'),
	('UNIT_FW_SPACE_COLONIST', 'BUILDINGCLASS_CONSTABLE'),
	('UNIT_FW_SPACE_COLONIST', 'BUILDINGCLASS_MINT'), -- TO TEST
	('UNIT_FW_SPACE_COLONIST', 'BUILDINGCLASS_CASTLE'),
	('UNIT_FW_SPACE_COLONIST', 'BUILDINGCLASS_BANK'),
	('UNIT_FW_SPACE_COLONIST', 'BUILDINGCLASS_THEATRE'),
	('UNIT_FW_SPACE_COLONIST', 'BUILDINGCLASS_UNIVERSITY'),
	('UNIT_FW_SPACE_COLONIST', 'BUILDINGCLASS_PUBLIC_SCHOOL'),
	('UNIT_FW_SPACE_COLONIST', 'BUILDINGCLASS_CIRCUS'),
	('UNIT_FW_SPACE_COLONIST', 'BUILDINGCLASS_STABLE'),
	('UNIT_FW_SPACE_COLONIST', 'BUILDINGCLASS_GALLERY'),
	('UNIT_FW_SPACE_COLONIST', 'BUILDINGCLASS_OPERA_HOUSE'),
	('UNIT_FW_SPACE_COLONIST', 'BUILDINGCLASS_BASTION_FORT'),
	('UNIT_FW_SPACE_COLONIST', 'BUILDINGCLASS_ARSENAL'),
	('UNIT_FW_SPACE_COLONIST', 'BUILDINGCLASS_GROCER'),
	('UNIT_FW_SPACE_COLONIST', 'BUILDINGCLASS_MILITARY_ACADEMY'),
	('UNIT_FW_SPACE_COLONIST', 'BUILDINGCLASS_HOTEL'),
	('UNIT_FW_SPACE_COLONIST', 'BUILDINGCLASS_WIRE_SERVICE'),
	('UNIT_FW_SPACE_COLONIST', 'BUILDINGCLASS_FW_NANOMAT_PLANT'),
	('UNIT_FW_SPACE_COLONIST', 'BUILDINGCLASS_MUSEUM'),
	('UNIT_FW_SPACE_COLONIST', 'BUILDINGCLASS_HOSPITAL'),
	('UNIT_FW_SPACE_COLONIST', 'BUILDINGCLASS_LABORATORY'),
	('UNIT_FW_SPACE_COLONIST', 'BUILDINGCLASS_BROADCAST_TOWER'),
	('UNIT_FW_SPACE_COLONIST', 'BUILDINGCLASS_STOCK_EXCHANGE'),
	('UNIT_FW_SPACE_COLONIST', 'BUILDINGCLASS_AIRPORT'),
	('UNIT_FW_SPACE_COLONIST', 'BUILDINGCLASS_POLICE_STATION'),
	('UNIT_FW_SPACE_COLONIST', 'BUILDINGCLASS_MEDICAL_LAB'),
	('UNIT_FW_SPACE_COLONIST', 'BUILDINGCLASS_INTERPRETIVE_CENTER'),
	-- ('UNIT_FW_SPACE_COLONIST', 'BUILDINGCLASS_STADIUM'),
	('UNIT_FW_SPACE_COLONIST', 'BUILDINGCLASS_BOMB_SHELTER'),
	('UNIT_FW_SPACE_COLONIST', 'BUILDINGCLASS_MILITARY_BASE'),
	('UNIT_FW_SPACE_COLONIST', 'BUILDINGCLASS_FW_SERVER_HUB'),
	('UNIT_FW_SPACE_COLONIST', 'BUILDINGCLASS_FW_PARTICLE_ACCELERATOR'),
	('UNIT_FW_SPACE_COLONIST', 'BUILDINGCLASS_FW_VERTICAL_FARM'),
	('UNIT_FW_SPACE_COLONIST', 'BUILDINGCLASS_FW_GENE_LAB'),
	('UNIT_FW_SPACE_COLONIST', 'BUILDINGCLASS_FW_VIRTUAL_MUSEUM'),
	('UNIT_FW_SPACE_COLONIST', 'BUILDINGCLASS_FW_VR_TRAINING'),
	('UNIT_FW_SPACE_COLONIST', 'BUILDINGCLASS_FW_CRYPTOBANK'),
	('UNIT_FW_SPACE_COLONIST', 'BUILDINGCLASS_FW_AUTOPLANT');


-- For JFD's Sovereignty for VP (v 14c)
-- ('UNIT_FW_SPACE_COLONIST', 'BUILDINGCLASS_JFD_HIGH_COURT'),
-- ('UNIT_FW_SPACE_COLONIST', 'BUILDINGCLASS_JFD_MAGISTRATE_COURT'),